<?xml version="1.0" encoding="utf-8"?>
<layer-list xmlns:android="http://schemas.android.com/apk/res/android">

    <item android:id="@android:id/background">
        <shape>
            <gradient
                android:startColor="#000000"

                android:centerY="0.75"
                android:endColor="#000000"
                android:angle="45"
                />
        </shape>
    </item>

    <item android:id="@android:id/progress">
        <clip>
            <shape>
                <gradient
                    android:startColor="#FFCC00"

                    android:endColor="#FF9933"
                    android:angle="45"
                    />
            </shape>
        </clip>
    </item>

</layer-list>